date,running,weight,ball,assigned,trail,yoga,other,speed,heart_rate,sleep,remark
2025/7/1,,1,,1,,,,,,,
2025/7/2,,,,1,,,,,,,
2025/7/3,30,2,,1,,,,,,,
2025/7/4,,,,1,,,,,,,
2025/7/5,,,,1,,,,,,,
2025/7/6,,,,1,,,,,,,
2025/7/7,,,,1,60,,,,,,
2025/7/8,30,,,1,,,,,,,
2025/7/9,,,,1,,,,,,,
2025/7/10,,,,1,,,,,,,
2025/7/11,30,4,,1,,,,,,,
2025/7/12,,,,1,,,,,,,
2025/7/13,,,,1,60,,,,,,
2025/7/14,30,,,1,,,,,,,
2025/7/15,,,,,,,,,,,
2025/7/16,,,,,,,,,,,
2025/7/17,30,1,,,,,,,,,
2025/7/18,30,,,,,,,,,,
2025/7/19,,,,,,,,,,,
2025/7/20,,,,,,,,,,,
2025/7/21,,,,,,,,,,,
2025/7/22,30,,,,,,,,,,
2025/7/23,40,,,1,,,,,,,
2025/7/24,40,,,,,,,,,,
2025/7/25,30,,,1,,,,,,,
2025/7/26,,,120,1,,,,,,,
2025/7/27,,,,,,,,,,,
2025/7/28,30,,,1,,,,,,,
2025/7/29,30,,,1,,,,,,,
2025/7/30,30,,,,,1,,,,,
2025/7/31,,,,,,,,,,,
2025/8/1,30,,,,,1,,,,,
2025/8/2,,,120,1,,,,,,,
2025/8/3,,,,1,,3,,,,,
2025/8/4,30,,,1,,2,,,,,
2025/8/5,20,,,1,,2,,,,,
2025/8/6,15,,,1,,2,,,,,
2025/8/7,30,,,1,,,,,,,
2025/8/8,30,,,1,,3,,,,,
2025/8/9,,,120,1,,,,,,,
2025/8/10,,,,1,,3,,,,,
2025/8/11,30,,,,,,,,,,
2025/8/12,30,,,1,,3,,,,,
2025/8/13,,,,,,,,,,,
2025/8/14,,,,,,,,,,,
2025/8/15,30,,,,,,,,,,
2025/8/16,,,120,,,,,,,,
2025/8/17,,,,1,,2,,,,,
2025/8/18,30,2,,1,,,,,,,
2025/8/19,,,,1,,1,,,,,
2025/8/20,30,,,1,,2,,,,,
2025/8/21,30,3,,1,,2,,,,,
2025/8/22,,,,1,,2,,,,,
2025/8/23,,,120,1,,2,,,,,
2025/8/24,,,,1,,2,,,,,
2025/8/25,30,,,1,,,,,,,
2025/8/26,30,,,,,,,,,,
2025/8/27,30,,,1,,2,,,,,
2025/8/28,,,,,,,,,,,
2025/8/29,,,,,,,,,,,
2025/8/30,,,120,,,,,,,,
2025/8/31,,,,,,,,,,,
2025/9/1,30,,,,,,,,,,
2025/9/2,30,,,,,,,,,,
2025/9/3,,,,,,,,,,,
2025/9/4,,,,,,,,,,,
2025/9/5,30,,,,,,,,,,
2025/9/6,,,120,,,,,,,,
2025/9/7,,,,,,,,,,,
2025/9/8,30,,,,,,,,,,
2025/9/9,30,,,,,,,,,,
2025/9/10,,,,,,,,,,,
2025/9/11,30,,,,,,,,,,
2025/9/12,,,,,,,,,,,
2025/9/13,,,120,,,,,,,,
2025/9/14,,,60,1,,,,,,,
2025/9/15,30,,,,,,,,,,
2025/9/16,,,,1,,,,,,,
2025/9/17,40,,,2,,,,,,,
2025/9/18,30,,,1,,,,,,,
2025/9/19,30,,,1,,,,,,,
2025/9/20,,,,1,,,,,,,
2025/9/21,,,,1,,,,,,,
2025/9/22,,,,,,,,,,,
2025/9/23,30,,,,,,,,,,
2025/9/24,,2,,,,,,,,,
2025/9/25,30,,,1,,,,,,,
2025/9/26,,,,1,,1,,,,,
2025/9/27,,,,1,,,,,,,
2025/9/28,,,,,,,,,,,
2025/9/29,,,,,,,,,,,
2025/9/30,30,,,1,,,,,,,
2025/10/1,,1,,1,,,,,,,
2025/10/2,40,,,1,,,,,,,
2025/10/3,,,,1,,,,,,,
2025/10/4,,,,1,,,,,,,
2025/10/5,,,,1,,,,,,,
2025/10/6,,,,1,,,,,,,
2025/10/7,30,,,1,,,,,,,
2025/10/8,,2,,1,,,,,,,
2025/10/9,35,,,1,,,,,,,
2025/10/10,,,,1,60,,,,,,
2025/10/11,,,,,,,,,,,
2025/10/12,,,,,,,,,,,
2025/10/13,,,120,1,,,,,,,
2025/10/14,40,,,1,,,,,,,
2025/10/15,30,,,,,,,,,,
2025/10/16,40,,,1,,,,,,,
2025/10/17,,,,,,,,,,,
2025/10/18,,,,,,,,,,,
2025/10/19,,,,,,,,,,,
2025/10/20,30,,,1,,,,7分4秒,137,,
2025/10/21,30,,,1,,,,7分18秒,144,,
2025/10/22,,,,1,,,,,,,呼吸+核心/單腳抬臀/滾筒大腿
2025/10/23,,,,1,,,,,,,腳趾活動/呼吸+核心
2025/10/24,,,,1,60,,,12分54秒,118,,腳趾活動/球小腿
2025/10/25,,,,,90,,,17分44秒,112,,大坑步道/球小腿/滾筒小腿
2025/10/26,,,,1,,,,,,,腳趾活動/呼吸+核心
2025/10/27,30,,,1,,,,6分39秒,146,,腳趾活動/呼吸+核心/滾筒大小腿
2025/10/28,30,,,1,,,,6分47秒,142,,球小腿
2025/10/29,,,,1,,,,,,,腳趾活動/球小腿
2025/10/30,,,,1,,,,,,,腳趾活動/呼吸+核心
2025/10/31,30,,,1,,,,6分38秒,145,,腳趾活動/球小腿
2025/11/1,,,,1,,,,,,,腳趾活動 / 呼吸+核心 / 球小腿
2025/11/2,,,,1,,,,,,,腳趾活動 / 呼吸+核心
2025/11/3,,,,1,,,,,,,腳趾活動 / 呼吸+核心
2025/11/4,30,,,1,,,,7分52秒,131,,腳趾活動 / 呼吸+核心/胸扭轉/滾筒大小腿
2025/11/5,,,,1,,,,,,,腳?球*6
2025/11/6,45,,,1,,,,7分34秒,128,,球小腿/腳?球*6
2025/11/7,,,,1,,,,,,,腳?球*6/腳趾
2025/11/8,,,,1,,,,,,,腳?球*6/腳趾
2025/11/9,,,,1,,,,,,,腳?球*6/腳趾
2025/11/10,30,,,1,,,,7分31秒,122,,腳?球*6/滾筒小腿
2025/11/11,30,,,1,,,,6分56秒,136,,腳?球*6/滾筒小腿
2025/11/12,,,,1,,,,,,,腳?球*6
2025/11/13,,,,,,,,,,,
2025/11/14,30,,,1,,,,6分56秒,136,,球小腿/腳趾
2025/11/17,30,,,1,,,,6分43秒,154,,球小腿/腳趾
2025/11/18,30,,,1,,,,6分59秒,141,,球小腿/腳趾
2025/11/19,,,,1,,,,,,,
2025/11/20,30,,,1,,,,6分55秒,141,,球小腿/腳趾
2025/11/21,30,,,1,,,,6分29秒,147,,球小腿/腳趾/腳?球*6
2025/11/26,30,,,1,,,,6分36秒,148,,彈力帶
2025/11/27,30,,,,,,,,,,"手錶沒電,無數據"
2025/12/1,50,,,1,,,,12分26秒,97,,彈力帶
2025/12/5,35,,,,,,,,,,"手錶沒電,無數據"
2025/12/11,30,,,,,,,6分55秒,141,,
2025/12/16,30,,,,,,,6分36秒,148,,
2025/12/18,30,,,1,,,,6分56秒,136,,
2025/12/22,30,,,,,,,6分29秒,147,,
2025/12/23,30,,,,,,,6分43秒,154,,
2025/12/24,30,,,,,,,6分59秒,141,,
2025/12/29,38,,,,,,,12分26秒,97,,頭痛降速
2025/12/30,40,,,1,,,,,,,"手錶沒電,無數據"
2026/1/5,30,,,,,,1,,,,"手錶沒電,無數據/棒式"
2026/1/7,30,,,,,,,,,,"手錶沒電,無數據"
2026/1/8,30,,,,,,,,,,
2026/1/12,30,,,,,,,9分28秒,138,,
2026/1/13,30,,,,,,,8分10秒,129,,
2026/1/14,30,,,,,,,,,,
2026/1/15,30,,,,,,,10分2秒,101,,
2026/1/19,30,,,,,,,8分50秒,149,,"球小腿,肩,臂"
2026/1/20,30,,,,,,,8分6秒,132,,
2026/1/22,45,,,,,,,7分56秒,136,,
2026/1/25,,,,,96,,,13分57秒,117,,滾輪大腿/小腿
2026/1/26,30,,,,,,,11分7秒,120,,
2026/1/27,30,,,,,,,10分10秒,132,,
2026/1/29,30,,,1,,,,9分29秒,114,,前/內/外各10下
2026/1/30,,,,1,,,,,,,前/內/外各10下
2026/1/31,,,,1,,,,,,,前/內/外各10下
2026/2/1,,,,1,,,,,,,前/內/外各10下
2026/2/2,,,,,,,30,,,,走30分
2026/2/4,,,,1,,,,,,,嬰兒式等
2026/2/5,,,,1,,,,,,,嬰兒式等
2026/2/6,,,,1,,,,,,,嬰兒式等
2026/2/7,,,,1,,,,,,,嬰兒式等
2026/2/9,,,,1,,,,,,,嬰兒式等
2026/2/10,,,,1,,,,,,,嬰兒式等
2026/2/11,,,,1,,,,,,,嬰兒式等
2026/2/12,,,,1,,,,,,,嬰兒式等
2026/2/13,,,,1,,,,,,,嬰兒式等
2026/2/15,,,,1,,,,,,,嬰兒式等
2026/2/16,,,,1,,,,,,,嬰兒式等
2026/2/17,,,,1,50,,,,,,嬰兒式等
2026/3/3,30,,,1,,,,,,,
2026/3/4,30,,,1,,,,,,,
2026/3/5,30,,,1,,,,,,,
2026/3/9,30,,,1,,,,,,,
2026/3/10,30,,,1,,,,,,,
2026/3/12,30,,,1,,,,,,,
2026/3/16,30,,,1,,,,,,,
2026/3/17,30,,,1,,,,,,,
2026/3/18,30,,,1,,,,,,,
2026/3/23,30,,,1,,,,,,,
2026/3/25,30,,,1,,,,,,,
2026/3/26,30,,,1,,,,,,,坐姿
2026/4/2,30,,,1,,,,,,,坐姿
2026/4/10,30,,,1,,,,,,,坐姿
2026/4/13,30,,,1,,,,,,,
2026/4/14,30,,,1,,,,,,,
2026/4/16,30,,,1,,,,,,,調整姿勢
2026/4/20,30,,,,,,,,,,
2026/4/21,30,,,,,,,,,,
2026/4/23,30,,,,,,,,,,
2026/4/27,30,,,,,,,,,,
2026/4/28,30,,,,,,,,,,忘帶手錶
2026/5/4,30,,,1,,,,,,,
2026/5/5,30,,,1,,,,,,,
2026/5/15,,,,,,,,,,22:45,
2026/5/16,,,,,,,,,,22:30,
2026/5/17,,,,,,,,,,23:00,
